contract_id;source;status;segments_count;error
CONTRACT of executor__headings_fixed;docx;ok;17;
CONTRACT on supply of goods__headings_fixed;docx;ok;22;
CONTRACTS FOR THE PROVISION OF GOODS__headings_fixed;docx;ok;14;
Contract Egypt__headings_fixed;docx;ok;17;
Contract London__headings_fixed;docx;ok;30;
Contract Terms and Conditions__headings_fixed;docx;ok;47;
Contract UzChassy__headings_fixed;docx;ok;16;
DELIVERY TERMS TO THE SELLER’S INVOICE__headings_fixed;docx;ok;19;
GENERAL CONDITIONS OF CONTRACT__headings_fixed;docx;ok;14;
GENERAL TERMS AND CONDITIONS FOR DELIVERIES__headings_fixed;docx;ok;15;
General Conditions of Sale __headings_fixed;docx;ok;19;
General Terms and Conditions of Sale__headings_fixed;docx;ok;17;
Standard Agreement __headings_fixed;docx;ok;16;
Standard Terms and Conditions of Sale__headings_fixed;docx;ok;20;
TERMS AND CONDITIONS OF SUPPLY__headings_fixed;docx;ok;32;
ДОГОВОР ПОСТАВКИ ОБОРУДОВАНИЯ (2)__headings_fixed;docx;ok;50;
ДОГОВОР поставки шаблон__headings_fixed;docx;ok;16;
Двуязычная проформа договора__headings_fixed;docx;ok;11;
Двуязычный ВНЕШНЕЭКОНОМИЧЕСКИЙ ДОГОВОР КОНТРАКТ__headings_fixed;docx;ok;34;
Двуязычный ДОГОВОР ВЫПОЛНЕНИЯ РАБОТ __headings_fixed;docx;ok;30;
Двуязычный Договор_КТК-Р_нерезидент__headings_fixed;docx;ok;31;
Двуязычный Контракт на поставку Системы__headings_fixed;docx;ok;22;
Двуязычный договор Узбекистан__headings_fixed;docx;ok;21;
Двуязычный договор поставки 2__headings_fixed;docx;ok;8;
Двуязычный договор__headings_fixed;docx;ok;16;
Двуязычный контракт (2)__headings_fixed;docx;ok;15;
Двуязычный контракт (3)__headings_fixed;docx;ok;32;
Двуязычный контракт (4)__headings_fixed;docx;ok;25;
Двуязычный контракт 2__headings_fixed;docx;ok;17;
Двуязычный контракт __headings_fixed;docx;ok;44;
Двуязычный контракт Автомобильный Завод__headings_fixed;docx;ok;7;
Двуязычный контракт Автомоторс;docx;ok;17;
Двуязычный контракт Андижан (2)__headings_fixed;docx;ok;32;
Двуязычный контракт Андижан__headings_fixed;docx;ok;11;
Двуязычный контракт Бухара__headings_fixed;docx;ok;24;
Двуязычный контракт Глазго__headings_fixed;docx;ok;40;
Двуязычный контракт Горно-Металлургический  Комбинат__headings_fixed;docx;ok;31;
Двуязычный контракт Кварц__headings_fixed;docx;ok;29;
Двуязычный контракт Купли-продажи товара__headings_fixed;docx;ok;16;
Двуязычный контракт Мейн__headings_fixed;docx;ok;14;
Двуязычный контракт Метрология__headings_fixed;docx;ok;44;
Двуязычный контракт Минск__headings_fixed;docx;ok;22;
Двуязычный контракт Мозырь__headings_fixed;docx;ok;35;
Двуязычный контракт Моторс__headings_fixed;docx;ok;25;
Двуязычный контракт НПЗ__headings_fixed;docx;ok;23;
Двуязычный контракт Новиков__headings_fixed;docx;ok;20;
Двуязычный контракт Севастополь__headings_fixed;docx;ok;34;
Двуязычный контракт Северсталь__headings_fixed;docx;ok;66;
Двуязычный контракт Сегежа__headings_fixed;docx;ok;40;
Двуязычный контракт Ташкент (2)__headings_fixed;docx;ok;52;
Двуязычный контракт Ташкент (3)__headings_fixed;docx;ok;26;
Двуязычный контракт Ташкент__headings_fixed;docx;ok;32;
Двуязычный контракт газо-химический комплекс__headings_fixed;docx;ok;64;
Двуязычный контракт купли-продажи__headings_fixed;docx;ok;29;
Двуязычный контракт на поставку масел__headings_fixed;docx;ok;22;
Двуязычный контракт образец__headings_fixed;docx;ok;33;
Двуязычный контракт полный__headings_fixed;docx;ok;121;
Двуязычный контракт с Канадой__headings_fixed;docx;ok;21;
Двуязычный контракт с Францией__headings_fixed;docx;ok;27;
Двуязычный контракт фарфоровый завод__headings_fixed;docx;ok;38;
Двуязычный контракт__headings_fixed;docx;ok;27;
Двуязычный образец внешнеторгового контракта__headings_fixed;docx;ok;23;
Договор купли-продажи пиломатериалов__headings_fixed;docx;ok;16;
Договор поставки  оборудования __headings_fixed;docx;ok;13;
Договор поставки Гузар__headings_fixed;docx;ok;58;
Договор поставки Литейное дело__headings_fixed;docx;ok;27;
Договор поставки МТУ Сатурн__headings_fixed;docx;ok;29;
Договор поставки Стройнефтегаз__headings_fixed;docx;ok;11;
Договор поставки Тахион__headings_fixed;docx;ok;13;
Договор поставки оборудования Детский мир__headings_fixed;docx;ok;14;
Договор поставки оборудования__headings_fixed;docx;ok;16;
Договор продажа ледогенераторов__headings_fixed;docx;ok;8;
Договор-поставки-для-Республики-Беларусь-юр.лица__headings_fixed;docx;ok;12;
Контракт Минск__headings_fixed;docx;ok;22;
Контракт Москва-Минск__headings_fixed;docx;ok;9;
Контракт для нерезидентов__headings_fixed;docx;ok;22;
Контракт на выполнение работ__headings_fixed;docx;ok;70;
Контракт на нефтепродукты__headings_fixed;docx;ok;15;
Контракт на поставку звукового оборудования__headings_fixed;docx;ok;11;
Контракт на поставку лекартств__headings_fixed;docx;ok;12;
Контракт на поставку оборудования для школьного «Кванториума»__headings_fixed;docx;ok;14;
Контракт на поставку оборудования__headings_fixed;docx;ok;15;
Контракт на поставку планшетных компьютеров__headings_fixed;docx;ok;43;
Контракт на поставку товара ЕвразЭС__headings_fixed;docx;ok;12;
Контракт на поставку товара из КНР__headings_fixed;docx;ok;5;
ОФЕРТА О ЗАКЛЮЧЕНИИ ДОГОВОРА ПОСТАВКИ ОБОРУДОВАНИЯ__headings_fixed;docx;ok;13;
Общие положения договора__headings_fixed;docx;ok;18;
ПРОЕКТ контракта Рудня__headings_fixed;docx;ok;50;
Поставка оборудования бу__headings_fixed;docx;ok;16;
Проект Контракта на поставку товара__headings_fixed;docx;ok;26;
Проект контракта Коряжма__headings_fixed;docx;ok;21;
Проект контракта на выполнение работ__headings_fixed;docx;ok;31;
Проект контракта на поставку изделий медицинского назначения __headings_fixed;docx;ok;40;
Проект контракта на поставку лекарств__headings_fixed;docx;ok;51;
Проект контракта на ремонт дороги__headings_fixed;docx;ok;69;
Проект контракта поставки__headings_fixed;docx;ok;13;
Проект_контракта на поставку офисной техники__headings_fixed;docx;ok;11;
Типовая форма договора поставки оборудования  (2)__headings_fixed;docx;ok;14;
Типовая форма договора поставки оборудования __headings_fixed;docx;ok;7;
Форма договора (ШМР, ПНР)__headings_fixed;docx;ok;7;
